N,n_steps,n_analyze,flip_perc
10,30000,10000,0.1

Temp,E_mean,E_std,M_mean,M_std
1.9,-1.8085048504850483,0.13877492784914391,-0.9393239323932394,0.05349157983467258
