N,n_steps,n_analyze,flip_perc
10,30000,10000,0.1

Temp,E_mean,E_std,M_mean,M_std
100.0,-0.01623962396239624,0.12704973494507407,0.0012961296129612961,0.10346763151391218
