N,n_steps,n_analyze,flip_perc
10,30000,10000,0.1

Temp,E_mean,E_std,M_mean,M_std
2.0,-1.6837823782378236,0.21170086625042817,-0.828844884488449,0.3055626821077041
