N,n_steps,n_analyze,flip_perc
10,30000,10000,0.1

Temp,E_mean,E_std,M_mean,M_std
2.26,-1.483790379037904,0.2497204647090338,0.7745474547454745,0.18406471879570743
