N,n_steps,n_analyze,flip_perc
10,30000,10000,0.1

Temp,R_mean_d=1,R_std_d=1,R_mean_d=2,R_std_d=2,R_mean_d=3,R_std_d=3,R_mean_d=4,R_std_d=4
2.26,0.006652225222522197,0.00877358775173557,-0.002762271782733813,0.0032582001529546166,-0.007217739551732977,0.005768157936972033,-0.009227384960718316,0.0087556946527179
