N,n_steps,n_analyze,flip_perc
10,30000,10000,0.1

Temp,E_mean,E_std,M_mean,M_std
2.26,-1.4312131213121313,0.2697027112193948,0.4361456145614562,0.6179501690586903
