N,n_steps,n_analyze,flip_perc
10,30000,10000,0.1

Temp,E_mean,E_std,M_mean,M_std
3.0,-0.7867566756675668,0.21598142674049453,0.10153415341534154,0.3161660366088226
